{"name":"c0dd0ad4-d1b5-4fe6-92c2-bad0194f379f","id":"/providers/Microsoft.Flow/flows/c0dd0ad4-d1b5-4fe6-92c2-bad0194f379f","type":"Microsoft.Flow/flows","properties":{"apiId":"/providers/Microsoft.PowerApps/apis/shared_logicflows","displayName":"EmaiOrderConfirm","definition":{"metadata":{"workflowEntityId":null,"processAdvisorMetadata":null,"flowChargedByPaygo":null,"flowclientsuspensionreason":"None","flowclientsuspensiontime":null,"flowclientsuspensionreasondetails":null,"creator":{"id":"6c0c049f-b4fa-4ce5-b034-8e738b72ae6e","type":"User","tenantId":"1b669d37-c786-49a8-9909-0d72cfbe7c33"},"provisioningMethod":"FromDefinition","failureAlertSubscription":true,"clientLastModifiedTime":"2024-11-14T15:58:01.6897295Z","connectionKeySavedTimeKey":"2025-05-31T18:05:01.4479574Z"},"$schema":"https://schema.management.azure.com/providers/Microsoft.Logic/schemas/2016-06-01/workflowdefinition.json#","contentVersion":"1.0.0.0","parameters":{"$authentication":{"defaultValue":{},"type":"SecureObject"},"$connections":{"defaultValue":{},"type":"Object"}},"triggers":{"manual":{"type":"Request","kind":"PowerAppV2","inputs":{"schema":{"type":"object","properties":{},"required":[]}}}},"actions":{"Send_an_email_(V2)":{"runAfter":{},"type":"OpenApiConnection","inputs":{"parameters":{"emailMessage/To":"nttnguyen2002@gmail.com","emailMessage/Subject":"Chúng tôi đa tiếp nhận đơn hàng của bạn","emailMessage/Body":"<p class=\"editor-paragraph\">Chúc mừng</p>","emailMessage/Importance":"Normal"},"host":{"apiId":"/providers/Microsoft.PowerApps/apis/shared_office365","connectionName":"shared_office365","operationId":"SendEmailV2"},"authentication":{"value":"@json(decodeBase64(triggerOutputs().headers['X-MS-APIM-Tokens']))['$ConnectionKey']","type":"Raw"}}}},"outputs":{}},"connectionReferences":{"shared_office365":{"connectionName":"shared-office365-d809611b-1511-451f-9fdd-d6ede0735abd","source":"Invoker","id":"/providers/Microsoft.PowerApps/apis/shared_office365","tier":"NotSpecified","apiName":"office365","isProcessSimpleApiReferenceConversionAlreadyDone":false}},"flowFailureAlertSubscribed":false,"isManaged":false}}