{"schemaVersion":"1.0","appDefinitionTemplate":{"id":"/providers/Microsoft.PowerApps/apps/","type":"Microsoft.PowerApps/apps","tags":{"primaryDeviceWidth":"1366","primaryDeviceHeight":"768","supportsPortrait":"true","supportsLandscape":"true","primaryFormFactor":"Tablet","showStatusBar":"false","publisherVersion":"3.25054.3","minimumRequiredApiVersion":"2.2.0","hasComponent":"true","hasUnlockedComponent":"true","isUnifiedRootApp":"false","sienaVersion":"20250607T031504Z-3.25054.3.0"},"properties":{"appVersion":"2025-06-07T03:15:04Z","lifeCycleId":"Published","createdByClientVersion":{"major":3,"minor":25054,"build":3,"revision":0,"majorRevision":0,"minorRevision":0},"minClientVersion":{"major":3,"minor":25054,"build":3,"revision":0,"majorRevision":0,"minorRevision":0},"backgroundColor":"RGBA(0,176,240,1)","backgroundImageUri":"/4900232491213467874/N14d01ee1-29e9-4b1c-9af4-9a7a41aee959-logoSmallFile","displayName":"NT shop","description":"","commitMessage":"","appUris":{"documentUri":{"value":"/4900232491213467874/N6226efb7-a8b4-470c-b756-9b2ef1f6be37-document.msapp"},"imageUris":[],"additionalUris":[{"isSolutionAware":false,"value":"/4900232491213467874/N405194ce-8187-462a-9292-29953c92f61e-identity.json"}]},"createdTime":"0001-01-01T00:00:00Z","lastModifiedTime":"0001-01-01T00:00:00Z","sharedGroupsCount":0,"sharedUsersCount":0,"connectionReferences":{"64eadecc-92d9-4cb3-b30d-635a8cf012d7":{"id":"b166890a-af0e-4a58-9cf0-885328c0b3dd","displayName":"SharePoint","iconUri":"https://conn-afd-prod-endpoint-bmc9bqahasf3grgk.b01.azurefd.net/releases/v1.0.1746/1.0.1746.4174/sharepointonline/icon.png","dataSources":["Thông tin chi tiết","Nhà cung cấp","User","Order_2","Chi tiết đơn hàng","Nhập hàng"],"dependencies":[],"dependents":["d6b22a9c-d62e-4f42-b101-a82186f6cd8b","9161f8be-0b65-433d-911e-188543df1448"],"parameterHints":{},"parameterHintsV2":{},"isOnPremiseConnection":false,"bypassConsent":false,"dataSets":{"https://htpa.sharepoint.com/sites/WarehouseManeger":{"dataSources":{"Thông tin chi tiết":{"tableName":"995be91b-81d4-432e-bd7e-ce578b5d4813"},"Nhà cung cấp":{"tableName":"64feb5be-3749-43fe-a582-5e53b9432536"},"User":{"tableName":"4d8d3390-fe52-4b1e-a4a1-9b64ad64094b"},"Order_2":{"tableName":"20216b46-88d2-4c6c-8cb8-cc2cbb20e8fe"},"Chi tiết đơn hàng":{"tableName":"4339c0af-4dc9-4378-8030-e2be8670c445"},"Nhập hàng":{"tableName":"20eea4e1-a4b4-4aeb-9210-e368fc4a645c"}}}},"apiTier":"Standard","isCustomApiConnection":false,"actions":["providers/PowerPlatform.Governance/Operations/Read","providers/PowerPlatform.Governance/Operations/Write","providers/PowerPlatform.Governance/Operations/Delete"]},"94b346e5-0cdf-4c0a-b6c2-cb6a53e55a8b":{"id":"27897835-40aa-415d-a1b7-286283e4fa25","displayName":"Logic flows","iconUri":"https://conn-afd-prod-endpoint-bmc9bqahasf3grgk.b01.azurefd.net/v1.0.1752/1.0.1752.4216/logicflows/icon.png","dataSources":["EmaiOrderConfirm"],"dependencies":["f469dab4-337a-44cc-9a3c-cef8672b57ff"],"dependents":[],"parameterHints":{"workflowName":{"value":"06d46b6c-a9ae-415b-af00-611e2d8198aa"},"workflowEntityId":{},"workflowDisplayName":{"value":"EmaiOrderConfirm"},"f469dab4-337a-44cc-9a3c-cef8672b57ff":{"value":"shared_office365"}},"parameterHintsV2":{"workflowName":{"value":"06d46b6c-a9ae-415b-af00-611e2d8198aa"},"workflowEntityId":{},"workflowDisplayName":{"value":"EmaiOrderConfirm"},"shared_office365":{"value":"f469dab4-337a-44cc-9a3c-cef8672b57ff"}},"isOnPremiseConnection":false,"bypassConsent":false,"dataSets":{},"apiTier":"Standard","isCustomApiConnection":false,"nestedActions":[{"id":"/providers/Microsoft.PowerApps/apis/shared_office365/apiOperations/SendEmailV2","flowConnectionRef":"shared_office365","apiName":"Office 365 Outlook","actionName":"SendEmailV2","referencedResources":[]}]},"f469dab4-337a-44cc-9a3c-cef8672b57ff":{"id":"a9842285-2ad1-42ed-91f3-7831590fe82f","displayName":"Office 365 Outlook","iconUri":"https://conn-afd-prod-endpoint-bmc9bqahasf3grgk.b01.azurefd.net/v1.0.1751/1.0.1751.4218/office365/icon.png","dataSources":[],"dependencies":[],"dependents":["94b346e5-0cdf-4c0a-b6c2-cb6a53e55a8b"],"parameterHints":{},"parameterHintsV2":{},"isOnPremiseConnection":false,"bypassConsent":false,"dataSets":{},"apiTier":"Standard","isCustomApiConnection":false},"eb1e1492-d939-47a4-9ee3-7a44386d62ec":{"id":"27897835-40aa-415d-a1b7-286283e4fa25","displayName":"Logic flows","iconUri":"https://conn-afd-prod-endpoint-bmc9bqahasf3grgk.b01.azurefd.net/v1.0.1752/1.0.1752.4216/logicflows/icon.png","dataSources":["EmailOrder"],"dependencies":["324d89c1-68b4-4a0b-8437-ccce65bff1a4"],"dependents":[],"parameterHints":{"workflowName":{"value":"0b7662a5-e767-4be0-b85a-6a21f99885b4"},"workflowEntityId":{},"workflowDisplayName":{"value":"EmailOrder"},"324d89c1-68b4-4a0b-8437-ccce65bff1a4":{"value":"shared_sendmail"}},"parameterHintsV2":{"workflowName":{"value":"0b7662a5-e767-4be0-b85a-6a21f99885b4"},"workflowEntityId":{},"workflowDisplayName":{"value":"EmailOrder"},"shared_sendmail":{"value":"324d89c1-68b4-4a0b-8437-ccce65bff1a4"}},"isOnPremiseConnection":false,"bypassConsent":false,"dataSets":{},"apiTier":"Standard","isCustomApiConnection":false,"actions":["Run"],"nestedActions":[{"id":"/providers/Microsoft.PowerApps/apis/shared_sendmail/apiOperations/SendEmailV3","flowConnectionRef":"shared_sendmail","apiName":"Mail","actionName":"SendEmailV3","referencedResources":[]}]},"324d89c1-68b4-4a0b-8437-ccce65bff1a4":{"id":"3fea0943-7c96-4814-86b9-c8fcc6357900","displayName":"Mail","iconUri":"https://conn-afd-prod-endpoint-bmc9bqahasf3grgk.b01.azurefd.net/v1.0.1751/1.0.1751.4207/sendmail/icon.png","dataSources":[],"dependencies":[],"dependents":["eb1e1492-d939-47a4-9ee3-7a44386d62ec"],"parameterHints":{},"parameterHintsV2":{},"isOnPremiseConnection":false,"bypassConsent":false,"dataSets":{},"apiTier":"Standard","isCustomApiConnection":false},"d6b22a9c-d62e-4f42-b101-a82186f6cd8b":{"id":"27897835-40aa-415d-a1b7-286283e4fa25","displayName":"Logic flows","iconUri":"https://conn-afd-prod-endpoint-bmc9bqahasf3grgk.b01.azurefd.net/v1.0.1752/1.0.1752.4216/logicflows/icon.png","dataSources":["exportSuply"],"dependencies":["25d888c7-2382-42a6-9da0-65f687e9e72d","afb36d5d-dba0-4f2b-8ebd-a40192277f5a","64eadecc-92d9-4cb3-b30d-635a8cf012d7","0ef491aa-81d9-45ef-94e6-8f8be401ac5b"],"dependents":[],"parameterHints":{"workflowName":{"value":"b12e5e14-7edb-4bfc-be63-1b5149ef9a90"},"workflowEntityId":{},"workflowDisplayName":{"value":"exportSuply"},"25d888c7-2382-42a6-9da0-65f687e9e72d":{"value":"shared_onedriveforbusiness"},"afb36d5d-dba0-4f2b-8ebd-a40192277f5a":{"value":"shared_excelonlinebusiness"},"64eadecc-92d9-4cb3-b30d-635a8cf012d7":{"value":"shared_sharepointonline"},"0ef491aa-81d9-45ef-94e6-8f8be401ac5b":{"value":"shared_office365users"}},"parameterHintsV2":{"workflowName":{"value":"b12e5e14-7edb-4bfc-be63-1b5149ef9a90"},"workflowEntityId":{},"workflowDisplayName":{"value":"exportSuply"},"shared_onedriveforbusiness":{"value":"25d888c7-2382-42a6-9da0-65f687e9e72d"},"shared_excelonlinebusiness":{"value":"afb36d5d-dba0-4f2b-8ebd-a40192277f5a"},"shared_sharepointonline":{"value":"64eadecc-92d9-4cb3-b30d-635a8cf012d7"},"shared_office365users":{"value":"0ef491aa-81d9-45ef-94e6-8f8be401ac5b"}},"isOnPremiseConnection":false,"bypassConsent":false,"dataSets":{},"apiTier":"Standard","isCustomApiConnection":false,"nestedActions":[{"id":"/providers/Microsoft.PowerApps/apis/shared_onedriveforbusiness/apiOperations/CreateFile","flowConnectionRef":"shared_onedriveforbusiness","apiName":"OneDrive for Business","actionName":"CreateFile","referencedResources":[]},{"id":"/providers/Microsoft.PowerApps/apis/shared_onedriveforbusiness/apiOperations/CreateShareLinkV2","flowConnectionRef":"shared_onedriveforbusiness","apiName":"OneDrive for Business","actionName":"CreateShareLinkV2","referencedResources":[{"key":"fileId","value":"@outputs('Create_file')?['body/Id']"}]},{"id":"/providers/Microsoft.PowerApps/apis/shared_excelonlinebusiness/apiOperations/CreateTable","flowConnectionRef":"shared_excelonlinebusiness","apiName":"Excel Online (Business)","actionName":"CreateTable","referencedResources":[{"key":"fileId","value":"b!TkzTyrjKOU-merkjyy3aLq_VhmLQOa1LqAESzEktQWLjyCB3j51aQphUYvdWMF42/@outputs('Create_file')?['body/Id']"}]},{"id":"/providers/Microsoft.PowerApps/apis/shared_sharepointonline/apiOperations/GetItems","flowConnectionRef":"shared_sharepointonline","apiName":"SharePoint","actionName":"GetItems","referencedResources":[{"key":"site","value":"https://htpa.sharepoint.com/sites/WarehouseManeger"},{"key":"list","value":"64feb5be-3749-43fe-a582-5e53b9432536"},{"key":"site","value":"https://htpa.sharepoint.com/sites/WarehouseManeger"}]},{"id":"/providers/Microsoft.PowerApps/apis/shared_office365users/apiOperations/HttpRequest","flowConnectionRef":"shared_office365users","apiName":"Office 365 Users","actionName":"HttpRequest","referencedResources":[]}]},"25d888c7-2382-42a6-9da0-65f687e9e72d":{"id":"ad5af5bb-a43f-4197-b171-a96635a2b3a2","displayName":"OneDrive for Business","iconUri":"https://conn-afd-prod-endpoint-bmc9bqahasf3grgk.b01.azurefd.net/v1.0.1751/1.0.1751.4207/onedriveforbusiness/icon.png","dataSources":[],"dependencies":[],"dependents":["d6b22a9c-d62e-4f42-b101-a82186f6cd8b"],"parameterHints":{},"parameterHintsV2":{},"isOnPremiseConnection":false,"bypassConsent":false,"dataSets":{},"apiTier":"Standard","isCustomApiConnection":false},"afb36d5d-dba0-4f2b-8ebd-a40192277f5a":{"id":"0e8c1d38-0fd5-40ca-b66b-f788af35231d","displayName":"Excel Online (Business)","iconUri":"https://conn-afd-prod-endpoint-bmc9bqahasf3grgk.b01.azurefd.net/releases/v1.0.1718/1.0.1718.3944/excelonlinebusiness/icon.png","dataSources":[],"dependencies":[],"dependents":["d6b22a9c-d62e-4f42-b101-a82186f6cd8b"],"parameterHints":{},"parameterHintsV2":{},"isOnPremiseConnection":false,"bypassConsent":false,"dataSets":{},"apiTier":"Standard","isCustomApiConnection":false},"0ef491aa-81d9-45ef-94e6-8f8be401ac5b":{"id":"0864c9bd-cdc6-441b-9807-9d5ed93efd58","displayName":"Office 365 Users","iconUri":"https://conn-afd-prod-endpoint-bmc9bqahasf3grgk.b01.azurefd.net/v1.0.1751/1.0.1751.4213/office365users/icon.png","dataSources":[],"dependencies":[],"dependents":["d6b22a9c-d62e-4f42-b101-a82186f6cd8b"],"parameterHints":{},"parameterHintsV2":{},"isOnPremiseConnection":false,"bypassConsent":false,"dataSets":{},"apiTier":"Standard","isCustomApiConnection":false},"9161f8be-0b65-433d-911e-188543df1448":{"id":"27897835-40aa-415d-a1b7-286283e4fa25","displayName":"Logic flows","iconUri":"https://conn-afd-prod-endpoint-bmc9bqahasf3grgk.b01.azurefd.net/v1.0.1752/1.0.1752.4216/logicflows/icon.png","dataSources":["ExportExcellSupply"],"dependencies":["64eadecc-92d9-4cb3-b30d-635a8cf012d7"],"dependents":[],"parameterHints":{"workflowName":{"value":"a13031b3-a8eb-4e0b-bb5f-9167aafd41ff"},"workflowEntityId":{},"workflowDisplayName":{"value":"ExportExcellSupply"},"64eadecc-92d9-4cb3-b30d-635a8cf012d7":{"value":"shared_sharepointonline"}},"parameterHintsV2":{"workflowName":{"value":"a13031b3-a8eb-4e0b-bb5f-9167aafd41ff"},"workflowEntityId":{},"workflowDisplayName":{"value":"ExportExcellSupply"},"shared_sharepointonline":{"value":"64eadecc-92d9-4cb3-b30d-635a8cf012d7"}},"isOnPremiseConnection":false,"bypassConsent":false,"dataSets":{},"apiTier":"Standard","isCustomApiConnection":false,"actions":["Run"],"nestedActions":[{"id":"/providers/Microsoft.PowerApps/apis/shared_sharepointonline/apiOperations/CreateFile","flowConnectionRef":"shared_sharepointonline","apiName":"SharePoint","actionName":"CreateFile","referencedResources":[{"key":"site","value":"https://htpa.sharepoint.com/sites/WarehouseManeger"}]}]}},"databaseReferences":{},"almMode":"Environment","performanceOptimizationEnabled":false,"canConsumeAppPass":false,"enableModernRuntimeMode":false,"executionRestrictions":{"isTeamsOnly":false,"dataLossPreventionEvaluationResult":{"status":"Compliant","lastEvaluationDate":"2025-06-07T03:15:15.4482501Z","violations":[],"violationsByPolicy":[],"violationErrorMessage":"The app uses the following connectors: shared_sharepointonline, shared_logicflows, shared_office365, shared_sendmail, shared_onedriveforbusiness, shared_excelonlinebusiness, shared_office365users."},"httpActionRestriction":{"appUsesSharepointHttpAction":false,"enforcementStrategy":"Legacy","evaluationTime":"2025-06-07T03:15:15.4481125Z"}}},"isAppComponentLibrary":false,"appType":"ClassicCanvasApp","appComponents":[]}}